{"cameraMode":{"drawMode":0,"name":"Shaded","section":"Shading Mode"},"sceneLighting":true,"audioPlay":false,"sceneViewState":{"m_AlwaysRefresh":false,"showFog":true,"showSkybox":true,"showFlares":true,"showImageEffects":true,"showParticleSystems":true,"showVisualEffectGraphs":true,"m_FxEnabled":true},"in2DMode":false,"pivot":{"x":2.0434000492095949,"y":0.051500000059604648,"z":4.519999980926514},"rotation":{"x":0.0527791753411293,"y":0.014974208548665047,"z":-0.000792848237324506,"w":0.9984983801841736},"size":4.402562618255615,"orthographic":false}